timestamp,symbol,model_name,signal_strength_0_to_1,latency_ms
2020-01-02,CSI300,LGB,0.4881226582385805,3.0
2020-01-03,CSI300,LGB,0.517781295405249,3.0
2020-01-06,CSI300,LGB,0.5926613990707742,3.0
2020-01-07,CSI300,LGB,0.5288941953779672,3.0
2020-01-08,CSI300,LGB,0.5528734922024447,3.0
2020-01-09,CSI300,LGB,0.493841968348262,3.0
2020-01-10,CSI300,LGB,0.528648846688504,3.0
2020-01-13,CSI300,LGB,0.5105885188894731,3.0
2020-01-14,CSI300,LGB,0.535318486586418,3.0
2020-01-15,CSI300,LGB,0.6066301069652674,3.0
2020-01-16,CSI300,LGB,0.5814565182477747,3.0
2020-01-17,CSI300,LGB,0.5984737709151193,3.0
2020-01-20,CSI300,LGB,0.5586491835894534,3.0
2020-01-21,CSI300,LGB,0.5792633118311156,3.0
2020-01-22,CSI300,LGB,0.6194925258548868,3.0
2020-01-23,CSI300,LGB,0.578896388242851,3.0
2020-02-03,CSI300,LGB,0.5606896186235794,3.0
2020-02-04,CSI300,LGB,0.5731406721523088,3.0
2020-02-05,CSI300,LGB,0.5731406721523088,3.0
2020-02-06,CSI300,LGB,0.49940165174191375,3.0
2020-02-07,CSI300,LGB,0.5257652835500924,3.0
2020-02-10,CSI300,LGB,0.43649561022364364,3.0
2020-02-11,CSI300,LGB,0.4034757944714864,3.0
2020-02-12,CSI300,LGB,0.44062110733538823,3.0
2020-02-13,CSI300,LGB,0.4669041622538454,3.0
2020-02-14,CSI300,LGB,0.4669041622538454,3.0
2020-02-17,CSI300,LGB,0.4039498869088956,3.0
2020-02-18,CSI300,LGB,0.4815031542995037,3.0
2020-02-19,CSI300,LGB,0.4815031542995037,3.0
2020-02-20,CSI300,LGB,0.4235732117028623,3.0
2020-02-21,CSI300,LGB,0.45078335053029994,3.0
2020-02-24,CSI300,LGB,0.5430324799817445,3.0
2020-02-25,CSI300,LGB,0.5298161537473208,3.0
2020-02-26,CSI300,LGB,0.5213501308133078,3.0
2020-02-27,CSI300,LGB,0.5135738533112385,3.0
2020-02-28,CSI300,LGB,0.47960651796040044,3.0
2020-03-02,CSI300,LGB,0.5417606364093643,3.0
2020-03-03,CSI300,LGB,0.5425754319738072,3.0
2020-03-04,CSI300,LGB,0.536131813083335,3.0
2020-03-05,CSI300,LGB,0.536131813083335,3.0
2020-03-06,CSI300,LGB,0.45270073364952546,3.0
2020-03-09,CSI300,LGB,0.4698845470250034,3.0
2020-03-10,CSI300,LGB,0.5417606364093643,3.0
2020-03-11,CSI300,LGB,0.5243582143219605,3.0
2020-03-12,CSI300,LGB,0.5475036562058553,3.0
2020-03-13,CSI300,LGB,0.5105554776403924,3.0
2020-03-16,CSI300,LGB,0.5285592901969007,3.0
2020-03-17,CSI300,LGB,0.539684746942807,3.0
2020-03-18,CSI300,LGB,0.539684746942807,3.0
2020-03-19,CSI300,LGB,0.539684746942807,3.0
2020-03-20,CSI300,LGB,0.5721440274495331,3.0
2020-03-23,CSI300,LGB,0.539684746942807,3.0
2020-03-24,CSI300,LGB,0.5257652835500924,3.0
2020-03-25,CSI300,LGB,0.5257652835500924,3.0
2020-03-26,CSI300,LGB,0.48302023729301496,3.0
2020-03-27,CSI300,LGB,0.5218514709603652,3.0
2020-03-30,CSI300,LGB,0.4510420849759287,3.0
2020-03-31,CSI300,LGB,0.5872123391196873,3.0
2020-04-01,CSI300,LGB,0.5504737914649339,3.0
2020-04-02,CSI300,LGB,0.5364948048682285,3.0
2020-04-03,CSI300,LGB,0.5645588933352442,3.0
2020-04-07,CSI300,LGB,0.4025052533101311,3.0
2020-04-08,CSI300,LGB,0.5198010148824507,3.0
2020-04-09,CSI300,LGB,0.40487532595915066,3.0
2020-04-10,CSI300,LGB,0.418882874703146,3.0
2020-04-13,CSI300,LGB,0.4370022809389426,3.0
2020-04-14,CSI300,LGB,0.43708430855640945,3.0
2020-04-15,CSI300,LGB,0.42996150119738663,3.0
2020-04-16,CSI300,LGB,0.517926691068552,3.0
2020-04-17,CSI300,LGB,0.5583401455658642,3.0
2020-04-20,CSI300,LGB,0.4918317443826512,3.0
2020-04-21,CSI300,LGB,0.5848004603715001,3.0
2020-04-22,CSI300,LGB,0.6052408641899617,3.0
2020-04-23,CSI300,LGB,0.5529845249319576,3.0
2020-04-24,CSI300,LGB,0.5157833149887159,3.0
2020-04-27,CSI300,LGB,0.5913491088011311,3.0
2020-04-28,CSI300,LGB,0.6177103435961593,3.0
2020-04-29,CSI300,LGB,0.5117695346971575,3.0
2020-04-30,CSI300,LGB,0.5693783575380837,3.0
2020-05-06,CSI300,LGB,0.4669039368931019,3.0
2020-05-07,CSI300,LGB,0.5352524746805334,3.0
2020-05-08,CSI300,LGB,0.5141448577656911,3.0
2020-05-11,CSI300,LGB,0.5141448577656911,3.0
2020-05-12,CSI300,LGB,0.5141448577656911,3.0
2020-05-13,CSI300,LGB,0.565029295184454,3.0
2020-05-14,CSI300,LGB,0.565029295184454,3.0
2020-05-15,CSI300,LGB,0.4958370142952545,3.0
2020-05-18,CSI300,LGB,0.5828026535485236,3.0
2020-05-19,CSI300,LGB,0.5572172167606807,3.0
2020-05-20,CSI300,LGB,0.49500702480889736,3.0
2020-05-21,CSI300,LGB,0.5143478159060415,3.0
2020-05-22,CSI300,LGB,0.5633726945336266,3.0
2020-05-25,CSI300,LGB,0.5262489223599107,3.0
2020-05-26,CSI300,LGB,0.4989785252731303,3.0
2020-05-27,CSI300,LGB,0.5440471648411118,3.0
2020-05-28,CSI300,LGB,0.5452287663744761,3.0
2020-05-29,CSI300,LGB,0.5277151878535583,3.0
2020-06-01,CSI300,LGB,0.4145280311063771,3.0
2020-06-02,CSI300,LGB,0.48449011545895015,3.0
2020-06-03,CSI300,LGB,0.44346325542625364,3.0
2020-06-04,CSI300,LGB,0.40873868763720245,3.0
2020-06-05,CSI300,LGB,0.46746621733971905,3.0
2020-06-08,CSI300,LGB,0.5304807820001306,3.0
2020-06-09,CSI300,LGB,0.49836067994755306,3.0
2020-06-10,CSI300,LGB,0.4798473328817208,3.0
2020-06-11,CSI300,LGB,0.48589741521242447,3.0
2020-06-12,CSI300,LGB,0.4992123132082111,3.0
2020-06-15,CSI300,LGB,0.49749439551176416,3.0
2020-06-16,CSI300,LGB,0.4698464906458198,3.0
2020-06-17,CSI300,LGB,0.4698464906458198,3.0
2020-06-18,CSI300,LGB,0.5654959961784692,3.0
2020-06-19,CSI300,LGB,0.5749873030516769,3.0
2020-06-22,CSI300,LGB,0.4791249316782387,3.0
2020-06-23,CSI300,LGB,0.5729297135843323,3.0
2020-06-24,CSI300,LGB,0.5087802610266876,3.0
2020-06-29,CSI300,LGB,0.5437797587178905,3.0
2020-06-30,CSI300,LGB,0.5437797587178905,3.0
2020-07-01,CSI300,LGB,0.4881226582385805,3.0
2020-07-02,CSI300,LGB,0.4264000764325958,3.0
2020-07-03,CSI300,LGB,0.4264000764325958,3.0
2020-07-06,CSI300,LGB,0.4264000764325958,3.0
2020-07-07,CSI300,LGB,0.4264000764325958,3.0
2020-07-08,CSI300,LGB,0.4264000764325958,3.0
2020-07-09,CSI300,LGB,0.4264000764325958,3.0
2020-07-10,CSI300,LGB,0.41920737301146704,3.0
2020-07-13,CSI300,LGB,0.4264000764325958,3.0
2020-07-14,CSI300,LGB,0.548744902929577,3.0
2020-07-15,CSI300,LGB,0.527524862924916,3.0
2020-07-16,CSI300,LGB,0.527524862924916,3.0
2020-07-17,CSI300,LGB,0.5279729422263556,3.0
2020-07-20,CSI300,LGB,0.5060088077716935,3.0
2020-07-21,CSI300,LGB,0.5279729422263556,3.0
2020-07-22,CSI300,LGB,0.5060088077716935,3.0
2020-07-23,CSI300,LGB,0.41920737301146704,3.0
2020-07-24,CSI300,LGB,0.527524862924916,3.0
2020-07-27,CSI300,LGB,0.5279729422263556,3.0
2020-07-28,CSI300,LGB,0.5279729422263556,3.0
2020-07-29,CSI300,LGB,0.4910753087653753,3.0
2020-07-30,CSI300,LGB,0.5186987023113784,3.0
2020-07-31,CSI300,LGB,0.41920737301146704,3.0
2020-08-03,CSI300,LGB,0.41920737301146704,3.0
2020-08-04,CSI300,LGB,0.41920737301146704,3.0
2020-08-05,CSI300,LGB,0.49781634415477893,3.0
2020-08-06,CSI300,LGB,0.4792316446725722,3.0
2020-08-07,CSI300,LGB,0.4467307055368028,3.0
2020-08-10,CSI300,LGB,0.46827094233592576,3.0
2020-08-11,CSI300,LGB,0.49586140937053985,3.0
2020-08-12,CSI300,LGB,0.49586140937053985,3.0
2020-08-13,CSI300,LGB,0.5178468145492703,3.0
2020-08-14,CSI300,LGB,0.4625019572165182,3.0
2020-08-17,CSI300,LGB,0.5391306059249865,3.0
2020-08-18,CSI300,LGB,0.5266782330309837,3.0
2020-08-19,CSI300,LGB,0.4792316446725722,3.0
2020-08-20,CSI300,LGB,0.4792316446725722,3.0
2020-08-21,CSI300,LGB,0.46856238844489495,3.0
2020-08-24,CSI300,LGB,0.4743402561495825,3.0
2020-08-25,CSI300,LGB,0.4743402561495825,3.0
2020-08-26,CSI300,LGB,0.49586140937053985,3.0
2020-08-27,CSI300,LGB,0.5197990567996074,3.0
2020-08-28,CSI300,LGB,0.5464449958083273,3.0
2020-08-31,CSI300,LGB,0.5082428538154407,3.0
2020-09-01,CSI300,LGB,0.5207388921217754,3.0
2020-09-02,CSI300,LGB,0.5082428538154407,3.0
2020-09-03,CSI300,LGB,0.4792316446725722,3.0
2020-09-04,CSI300,LGB,0.46827094233592576,3.0
2020-09-07,CSI300,LGB,0.49586140937053985,3.0
2020-09-08,CSI300,LGB,0.4743402561495825,3.0
2020-09-09,CSI300,LGB,0.49586140937053985,3.0
2020-09-10,CSI300,LGB,0.5083082018407782,3.0
2020-09-11,CSI300,LGB,0.5026689599394764,3.0
2020-09-14,CSI300,LGB,0.48097769984222094,3.0
2020-09-15,CSI300,LGB,0.4749001850896222,3.0
2020-09-16,CSI300,LGB,0.4916681115156686,3.0
2020-09-17,CSI300,LGB,0.4916681115156686,3.0
2020-09-18,CSI300,LGB,0.5041744400294587,3.0
2020-09-21,CSI300,LGB,0.4792316446725722,3.0
2020-09-22,CSI300,LGB,0.4743402561495825,3.0
2020-09-23,CSI300,LGB,0.4467307055368028,3.0
2020-09-24,CSI300,LGB,0.5083082018407782,3.0
2020-09-25,CSI300,LGB,0.49429304118917744,3.0
2020-09-28,CSI300,LGB,0.5087575345918797,3.0
2020-09-29,CSI300,LGB,0.49429304118917744,3.0
2020-09-30,CSI300,LGB,0.5158311209050439,3.0
2020-10-09,CSI300,LGB,0.5032678778631716,3.0
2020-10-12,CSI300,LGB,0.4264000764325958,3.0
2020-10-13,CSI300,LGB,0.4264000764325958,3.0
2020-10-14,CSI300,LGB,0.4264000764325958,3.0
2020-10-15,CSI300,LGB,0.41920737301146704,3.0
2020-10-16,CSI300,LGB,0.5266782330309837,3.0
2020-10-19,CSI300,LGB,0.49586140937053985,3.0
2020-10-20,CSI300,LGB,0.46827094233592576,3.0
2020-10-21,CSI300,LGB,0.4467307055368028,3.0
2020-10-22,CSI300,LGB,0.4467307055368028,3.0
2020-10-23,CSI300,LGB,0.49586140937053985,3.0
2020-10-26,CSI300,LGB,0.4743402561495825,3.0
2020-10-27,CSI300,LGB,0.4743402561495825,3.0
2020-10-28,CSI300,LGB,0.46827094233592576,3.0
2020-10-29,CSI300,LGB,0.44071847684901905,3.0
2020-10-30,CSI300,LGB,0.4467307055368028,3.0
2020-11-02,CSI300,LGB,0.4467307055368028,3.0
2020-11-03,CSI300,LGB,0.5101854685569851,3.0
2020-11-04,CSI300,LGB,0.5101854685569851,3.0
2020-11-05,CSI300,LGB,0.5464449958083273,3.0
2020-11-06,CSI300,LGB,0.4264000764325958,3.0
2020-11-09,CSI300,LGB,0.4264000764325958,3.0
2020-11-10,CSI300,LGB,0.4264000764325958,3.0
2020-11-11,CSI300,LGB,0.5266782330309837,3.0
2020-11-12,CSI300,LGB,0.4467307055368028,3.0
2020-11-13,CSI300,LGB,0.49586140937053985,3.0
2020-11-16,CSI300,LGB,0.4743402561495825,3.0
2020-11-17,CSI300,LGB,0.4743402561495825,3.0
2020-11-18,CSI300,LGB,0.4467307055368028,3.0
2020-11-19,CSI300,LGB,0.44071847684901905,3.0
2020-11-20,CSI300,LGB,0.516270576052484,3.0
2020-11-23,CSI300,LGB,0.5391306059249865,3.0
2020-11-24,CSI300,LGB,0.4976796976279104,3.0
2020-11-25,CSI300,LGB,0.4467307055368028,3.0
2020-11-26,CSI300,LGB,0.4467307055368028,3.0
2020-11-27,CSI300,LGB,0.5101854685569851,3.0
2020-11-30,CSI300,LGB,0.49586140937053985,3.0
2020-12-01,CSI300,LGB,0.5464449958083273,3.0
2020-12-02,CSI300,LGB,0.4264000764325958,3.0
2020-12-03,CSI300,LGB,0.5340194376152505,3.0
2020-12-04,CSI300,LGB,0.5524747781356735,3.0
2020-12-07,CSI300,LGB,0.4792316446725722,3.0
2020-12-08,CSI300,LGB,0.49631084548291543,3.0
2020-12-09,CSI300,LGB,0.49586140937053985,3.0
2020-12-10,CSI300,LGB,0.49631084548291543,3.0
2020-12-11,CSI300,LGB,0.49586140937053985,3.0
2020-12-14,CSI300,LGB,0.46827094233592576,3.0
2020-12-15,CSI300,LGB,0.4743402561495825,3.0
2020-12-16,CSI300,LGB,0.4521264754675862,3.0
2020-12-17,CSI300,LGB,0.5101854685569851,3.0
2020-12-18,CSI300,LGB,0.4792316446725722,3.0
2020-12-21,CSI300,LGB,0.49172764018059756,3.0
2020-12-22,CSI300,LGB,0.4467307055368028,3.0
2020-12-23,CSI300,LGB,0.5101854685569851,3.0
2020-12-24,CSI300,LGB,0.4467307055368028,3.0
2020-12-25,CSI300,LGB,0.49172764018059756,3.0
2020-12-28,CSI300,LGB,0.4467307055368028,3.0
2020-12-29,CSI300,LGB,0.4792316446725722,3.0
2020-12-30,CSI300,LGB,0.5280896759204451,3.0
2020-12-31,CSI300,LGB,0.4408372771584413,3.0
2021-01-04,CSI300,LGB,0.434080484154396,3.0
2021-01-05,CSI300,LGB,0.4744737654987352,3.0
2021-01-06,CSI300,LGB,0.48001505887638596,3.0
2021-01-07,CSI300,LGB,0.48001505887638596,3.0
2021-01-08,CSI300,LGB,0.4871096809594699,3.0
2021-01-11,CSI300,LGB,0.4871096809594699,3.0
2021-01-12,CSI300,LGB,0.4871096809594699,3.0
2021-01-13,CSI300,LGB,0.4871096809594699,3.0
2021-01-14,CSI300,LGB,0.6474164362644583,3.0
2021-01-15,CSI300,LGB,0.5786257558194268,3.0
2021-01-18,CSI300,LGB,0.48743001894259647,3.0
2021-01-19,CSI300,LGB,0.5429275371750663,3.0
2021-01-20,CSI300,LGB,0.5930539222918093,3.0
2021-01-21,CSI300,LGB,0.5155947507080278,3.0
2021-01-22,CSI300,LGB,0.5181866227473229,3.0
2021-01-25,CSI300,LGB,0.49831765114454135,3.0
2021-01-26,CSI300,LGB,0.5166593012705396,3.0
2021-01-27,CSI300,LGB,0.5025725158525356,3.0
2021-01-28,CSI300,LGB,0.4880198660017173,3.0
2021-01-29,CSI300,LGB,0.4831773863457716,3.0
2021-02-01,CSI300,LGB,0.5226492990918716,3.0
2021-02-02,CSI300,LGB,0.5511086046414645,3.0
2021-02-03,CSI300,LGB,0.5847042207078899,3.0
2021-02-04,CSI300,LGB,0.4802427760695522,3.0
2021-02-05,CSI300,LGB,0.4621205213150889,3.0
2021-02-08,CSI300,LGB,0.4203160655320062,3.0
2021-02-09,CSI300,LGB,0.4019449918065724,3.0
2021-02-10,CSI300,LGB,0.4104979077751106,3.0
2021-02-18,CSI300,LGB,0.43755763994712454,3.0
2021-02-19,CSI300,LGB,0.434080484154396,3.0
2021-02-22,CSI300,LGB,0.6126173161381919,3.0
2021-02-23,CSI300,LGB,0.6064652952239931,3.0
2021-02-24,CSI300,LGB,0.505249013882295,3.0
2021-02-25,CSI300,LGB,0.47447277921029385,3.0
2021-02-26,CSI300,LGB,0.5656490180727933,3.0
2021-03-01,CSI300,LGB,0.5342144670792696,3.0
2021-03-02,CSI300,LGB,0.5083145160139922,3.0
2021-03-03,CSI300,LGB,0.4768613488657032,3.0
2021-03-04,CSI300,LGB,0.5326894504256025,3.0
2021-03-05,CSI300,LGB,0.5437495087263634,3.0
2021-03-08,CSI300,LGB,0.5591634461421499,3.0
2021-03-09,CSI300,LGB,0.5591634461421499,3.0
2021-03-10,CSI300,LGB,0.534963888677429,3.0
2021-03-11,CSI300,LGB,0.5276514754213,3.0
2021-03-12,CSI300,LGB,0.6244610046437898,3.0
2021-03-15,CSI300,LGB,0.6009244624368992,3.0
2021-03-16,CSI300,LGB,0.5321582910217654,3.0
2021-03-17,CSI300,LGB,0.5321582910217654,3.0
2021-03-18,CSI300,LGB,0.5796351739561442,3.0
2021-03-19,CSI300,LGB,0.534963888677429,3.0
2021-03-22,CSI300,LGB,0.5796351739561442,3.0
2021-03-23,CSI300,LGB,0.6234223668048744,3.0
2021-03-24,CSI300,LGB,0.5823794919175176,3.0
2021-03-25,CSI300,LGB,0.542576073909281,3.0
2021-03-26,CSI300,LGB,0.5455535743096755,3.0
2021-03-29,CSI300,LGB,0.5819648102430324,3.0
2021-03-30,CSI300,LGB,0.5249887226521815,3.0
2021-03-31,CSI300,LGB,0.4279542397219779,3.0
2021-04-01,CSI300,LGB,0.3849075739908495,3.0
2021-04-02,CSI300,LGB,0.40976012279166074,3.0
2021-04-06,CSI300,LGB,0.4287378003415123,3.0
2021-04-07,CSI300,LGB,0.5313989904892724,3.0
2021-04-08,CSI300,LGB,0.5040928229506166,3.0
2021-04-09,CSI300,LGB,0.48298215861105903,3.0
2021-04-12,CSI300,LGB,0.5313162415441419,3.0
2021-04-13,CSI300,LGB,0.48429965108224615,3.0
2021-04-14,CSI300,LGB,0.4997257587005837,3.0
2021-04-15,CSI300,LGB,0.5533257509987901,3.0
2021-04-16,CSI300,LGB,0.5875262206455587,3.0
2021-04-19,CSI300,LGB,0.6496935905727516,3.0
2021-04-20,CSI300,LGB,0.4961725992843508,3.0
2021-04-21,CSI300,LGB,0.43875525342841776,3.0
2021-04-22,CSI300,LGB,0.4512508395611124,3.0
2021-04-23,CSI300,LGB,0.415910324499624,3.0
2021-04-26,CSI300,LGB,0.5636915011288832,3.0
2021-04-27,CSI300,LGB,0.47720819025334993,3.0
2021-04-28,CSI300,LGB,0.41639257839640215,3.0
2021-04-29,CSI300,LGB,0.49444281519651534,3.0
2021-04-30,CSI300,LGB,0.5758000631033926,3.0
2021-05-06,CSI300,LGB,0.5871347694433855,3.0
2021-05-07,CSI300,LGB,0.6254555860508271,3.0
2021-05-10,CSI300,LGB,0.5819013331735039,3.0
2021-05-11,CSI300,LGB,0.44852967385161757,3.0
2021-05-12,CSI300,LGB,0.4776532538576376,3.0
2021-05-13,CSI300,LGB,0.4857499742238647,3.0
2021-05-14,CSI300,LGB,0.5005487052569634,3.0
2021-05-17,CSI300,LGB,0.40585709095248634,3.0
2021-05-18,CSI300,LGB,0.41934978368592607,3.0
2021-05-19,CSI300,LGB,0.4354352419596414,3.0
2021-05-20,CSI300,LGB,0.4184228273057346,3.0
2021-05-21,CSI300,LGB,0.4236433314887385,3.0
2021-05-24,CSI300,LGB,0.4685684379734098,3.0
2021-05-25,CSI300,LGB,0.6003451339604764,3.0
2021-05-26,CSI300,LGB,0.5913226719548047,3.0
2021-05-27,CSI300,LGB,0.3900200770428379,3.0
2021-05-28,CSI300,LGB,0.428309715807992,3.0
2021-05-31,CSI300,LGB,0.41016230423221567,3.0
2021-06-01,CSI300,LGB,0.4884093685229513,3.0
2021-06-02,CSI300,LGB,0.5092862042539994,3.0
2021-06-03,CSI300,LGB,0.537448560803049,3.0
2021-06-04,CSI300,LGB,0.5072095436810427,3.0
2021-06-07,CSI300,LGB,0.5153739642384658,3.0
2021-06-08,CSI300,LGB,0.5274082134694916,3.0
2021-06-09,CSI300,LGB,0.5043061782089748,3.0
2021-06-10,CSI300,LGB,0.4751157150414417,3.0
2021-06-11,CSI300,LGB,0.5952560685769974,3.0
2021-06-15,CSI300,LGB,0.5289302978036045,3.0
2021-06-16,CSI300,LGB,0.5054128778027123,3.0
2021-06-17,CSI300,LGB,0.5589667581588594,3.0
2021-06-18,CSI300,LGB,0.5773247463912807,3.0
2021-06-21,CSI300,LGB,0.6133052795742499,3.0
2021-06-22,CSI300,LGB,0.5782489019310036,3.0
2021-06-23,CSI300,LGB,0.6110720985918493,3.0
2021-06-24,CSI300,LGB,0.5172379305343382,3.0
2021-06-25,CSI300,LGB,0.5827694921809329,3.0
2021-06-28,CSI300,LGB,0.3650068164139055,3.0
2021-06-29,CSI300,LGB,0.43040208261132384,3.0
2021-06-30,CSI300,LGB,0.4153725685723835,3.0
2021-07-01,CSI300,LGB,0.5487800304856701,3.0
2021-07-02,CSI300,LGB,0.5794246370031843,3.0
2021-07-05,CSI300,LGB,0.5993007867968864,3.0
2021-07-06,CSI300,LGB,0.5897218204773895,3.0
2021-07-07,CSI300,LGB,0.5436136977739727,3.0
2021-07-08,CSI300,LGB,0.610527508040516,3.0
2021-07-09,CSI300,LGB,0.610527508040516,3.0
2021-07-12,CSI300,LGB,0.542815984264177,3.0
2021-07-13,CSI300,LGB,0.5667607107566002,3.0
2021-07-14,CSI300,LGB,0.610527508040516,3.0
2021-07-15,CSI300,LGB,0.5394400783600302,3.0
2021-07-16,CSI300,LGB,0.5786824366228612,3.0
2021-07-19,CSI300,LGB,0.5462734862951463,3.0
2021-07-20,CSI300,LGB,0.5685474012102864,3.0
2021-07-21,CSI300,LGB,0.5519165987287779,3.0
2021-07-22,CSI300,LGB,0.566821639340624,3.0
2021-07-23,CSI300,LGB,0.6080922626228242,3.0
2021-07-26,CSI300,LGB,0.5812202727741482,3.0
2021-07-27,CSI300,LGB,0.5812202727741482,3.0
2021-07-28,CSI300,LGB,0.5665255689954574,3.0
2021-07-29,CSI300,LGB,0.5993007867968864,3.0
2021-07-30,CSI300,LGB,0.5897218204773895,3.0
2021-08-02,CSI300,LGB,0.5836208666309142,3.0
2021-08-03,CSI300,LGB,0.5444476604010816,3.0
2021-08-04,CSI300,LGB,0.5236135437163847,3.0
2021-08-05,CSI300,LGB,0.5506426063987403,3.0
2021-08-06,CSI300,LGB,0.540791729497576,3.0
2021-08-09,CSI300,LGB,0.5186537355727076,3.0
2021-08-10,CSI300,LGB,0.46823561512536216,3.0
2021-08-11,CSI300,LGB,0.4813820199557874,3.0
2021-08-12,CSI300,LGB,0.5423422696359776,3.0
2021-08-13,CSI300,LGB,0.5423422696359776,3.0
2021-08-16,CSI300,LGB,0.5522365036738106,3.0
2021-08-17,CSI300,LGB,0.5794246370031843,3.0
2021-08-18,CSI300,LGB,0.5746966308472296,3.0
2021-08-19,CSI300,LGB,0.6015987466884047,3.0
2021-08-20,CSI300,LGB,0.5794246370031843,3.0
2021-08-23,CSI300,LGB,0.5395313121997334,3.0
2021-08-24,CSI300,LGB,0.5364517053580508,3.0
2021-08-25,CSI300,LGB,0.5467757292564039,3.0
2021-08-26,CSI300,LGB,0.5897218204773895,3.0
2021-08-27,CSI300,LGB,0.557512728189714,3.0
2021-08-30,CSI300,LGB,0.610527508040516,3.0
2021-08-31,CSI300,LGB,0.610527508040516,3.0
2021-09-01,CSI300,LGB,0.5322752614306622,3.0
2021-09-02,CSI300,LGB,0.5495282221424731,3.0
2021-09-03,CSI300,LGB,0.5977770953440591,3.0
2021-09-06,CSI300,LGB,0.48410937522095865,3.0
2021-09-07,CSI300,LGB,0.48047118405875117,3.0
2021-09-08,CSI300,LGB,0.4913716260838989,3.0
2021-09-09,CSI300,LGB,0.5162691729685697,3.0
2021-09-10,CSI300,LGB,0.4648409192434234,3.0
2021-09-13,CSI300,LGB,0.5125650677106286,3.0
2021-09-14,CSI300,LGB,0.5423422696359776,3.0
2021-09-15,CSI300,LGB,0.5789436799045607,3.0
2021-09-16,CSI300,LGB,0.5897218204773895,3.0
2021-09-17,CSI300,LGB,0.5395313121997334,3.0
2021-09-22,CSI300,LGB,0.5590917663457363,3.0
2021-09-23,CSI300,LGB,0.5519165987287779,3.0
2021-09-24,CSI300,LGB,0.5883392257301698,3.0
2021-09-27,CSI300,LGB,0.5436392382919144,3.0
2021-09-28,CSI300,LGB,0.549897112746459,3.0
2021-09-29,CSI300,LGB,0.5912701847616257,3.0
2021-09-30,CSI300,LGB,0.592496060254857,3.0
2021-10-08,CSI300,LGB,0.5428278273010004,3.0
2021-10-11,CSI300,LGB,0.5584623598830527,3.0
2021-10-12,CSI300,LGB,0.5584623598830527,3.0
2021-10-13,CSI300,LGB,0.5498753928120569,3.0
2021-10-14,CSI300,LGB,0.5897231256010164,3.0
2021-10-15,CSI300,LGB,0.5257726545472922,3.0
2021-10-18,CSI300,LGB,0.5490776842201854,3.0
2021-10-19,CSI300,LGB,0.5162949704320017,3.0
2021-10-20,CSI300,LGB,0.5636844183729449,3.0
2021-10-21,CSI300,LGB,0.5297945849915094,3.0
2021-10-22,CSI300,LGB,0.5188782809722249,3.0
2021-10-25,CSI300,LGB,0.5201803773828185,3.0
2021-10-26,CSI300,LGB,0.5465251400744242,3.0
2021-10-27,CSI300,LGB,0.573001504649085,3.0
2021-10-28,CSI300,LGB,0.6145270048993864,3.0
2021-10-29,CSI300,LGB,0.5495991940258635,3.0
2021-11-01,CSI300,LGB,0.617105206785294,3.0
2021-11-02,CSI300,LGB,0.6109979110432647,3.0
2021-11-03,CSI300,LGB,0.6145270048993864,3.0
2021-11-04,CSI300,LGB,0.5737199369154661,3.0
2021-11-05,CSI300,LGB,0.6145270048993864,3.0
2021-11-08,CSI300,LGB,0.588418724602682,3.0
2021-11-09,CSI300,LGB,0.6145270048993864,3.0
2021-11-10,CSI300,LGB,0.6145270048993864,3.0
2021-11-11,CSI300,LGB,0.5495991940258635,3.0
2021-11-12,CSI300,LGB,0.5111336532275491,3.0
2021-11-15,CSI300,LGB,0.5111336532275491,3.0
2021-11-16,CSI300,LGB,0.5758061618213522,3.0
2021-11-17,CSI300,LGB,0.5754395721736463,3.0
2021-11-18,CSI300,LGB,0.5237054707235289,3.0
2021-11-19,CSI300,LGB,0.556338228448583,3.0
2021-11-22,CSI300,LGB,0.5323612253670477,3.0
2021-11-23,CSI300,LGB,0.5741105021846072,3.0
2021-11-24,CSI300,LGB,0.5323612253670477,3.0
2021-11-25,CSI300,LGB,0.4916874346139811,3.0
2021-11-26,CSI300,LGB,0.4916874346139811,3.0
2021-11-29,CSI300,LGB,0.5417519897842136,3.0
2021-11-30,CSI300,LGB,0.6145070758817713,3.0
2021-12-01,CSI300,LGB,0.5694572272384695,3.0
2021-12-02,CSI300,LGB,0.5620772337139932,3.0
2021-12-03,CSI300,LGB,0.5890366543140131,3.0
2021-12-06,CSI300,LGB,0.6170853280053574,3.0
2021-12-07,CSI300,LGB,0.480436004874826,3.0
2021-12-08,CSI300,LGB,0.5756142692741113,3.0
2021-12-09,CSI300,LGB,0.5250912050030028,3.0
2021-12-10,CSI300,LGB,0.550068250223172,3.0
2021-12-13,CSI300,LGB,0.5147765706213242,3.0
2021-12-14,CSI300,LGB,0.41208101993329865,3.0
2021-12-15,CSI300,LGB,0.5560504009565234,3.0
2021-12-16,CSI300,LGB,0.47200222323961655,3.0
2021-12-17,CSI300,LGB,0.5423422696359776,3.0
2021-12-20,CSI300,LGB,0.5720445690989336,3.0
2021-12-21,CSI300,LGB,0.5317731634131231,3.0
2021-12-22,CSI300,LGB,0.4816614915588248,3.0
2021-12-23,CSI300,LGB,0.5516189267711958,3.0
2021-12-24,CSI300,LGB,0.5812075300262161,3.0
2021-12-27,CSI300,LGB,0.6199144755903869,3.0
2021-12-28,CSI300,LGB,0.5516189267711958,3.0
2021-12-29,CSI300,LGB,0.6054921697685978,3.0
2021-12-30,CSI300,LGB,0.5132754659508943,3.0
2021-12-31,CSI300,LGB,0.6708579768921901,3.0
2022-01-04,CSI300,LGB,0.6724755705599506,3.0
2022-01-05,CSI300,LGB,0.6167921858522919,3.0
2022-01-06,CSI300,LGB,0.6723496118860017,3.0
2022-01-07,CSI300,LGB,0.6054075122852596,3.0
2022-01-10,CSI300,LGB,0.6614240616943083,3.0
2022-01-11,CSI300,LGB,0.6498566635192228,3.0
2022-01-12,CSI300,LGB,0.6938181799912665,3.0
2022-01-13,CSI300,LGB,0.6826966786207124,3.0
2022-01-14,CSI300,LGB,0.5412858859974062,3.0
2022-01-17,CSI300,LGB,0.6486683046299411,3.0
2022-01-18,CSI300,LGB,0.637657233578153,3.0
2022-01-19,CSI300,LGB,0.712722611969994,3.0
2022-01-20,CSI300,LGB,0.6572841758802727,3.0
2022-01-21,CSI300,LGB,0.6140979871059035,3.0
2022-01-24,CSI300,LGB,0.5378993840495107,3.0
2022-01-25,CSI300,LGB,0.6839223530668341,3.0
2022-01-26,CSI300,LGB,0.7510349114611802,3.0
2022-01-27,CSI300,LGB,0.6839223530668341,3.0
2022-01-28,CSI300,LGB,0.6839223530668341,3.0
2022-02-07,CSI300,LGB,0.6849213106682805,3.0
2022-02-08,CSI300,LGB,0.6655801345836788,3.0
2022-02-09,CSI300,LGB,0.6747262262522503,3.0
2022-02-10,CSI300,LGB,0.6382720502099858,3.0
2022-02-11,CSI300,LGB,0.6808260374476758,3.0
2022-02-14,CSI300,LGB,0.6937377760636319,3.0
2022-02-15,CSI300,LGB,0.613326793181367,3.0
2022-02-16,CSI300,LGB,0.552305547447646,3.0
2022-02-17,CSI300,LGB,0.7111600687091297,3.0
2022-02-18,CSI300,LGB,0.5751411215590522,3.0
2022-02-21,CSI300,LGB,0.4920868549585094,3.0
2022-02-22,CSI300,LGB,0.6136714703141376,3.0
2022-02-23,CSI300,LGB,0.5330478337410609,3.0
2022-02-24,CSI300,LGB,0.6240914915372344,3.0
2022-02-25,CSI300,LGB,0.696777151422111,3.0
2022-02-28,CSI300,LGB,0.6831973762598239,3.0
2022-03-01,CSI300,LGB,0.5746750692098817,3.0
2022-03-02,CSI300,LGB,0.504754927453373,3.0
2022-03-03,CSI300,LGB,0.6472791161913218,3.0
2022-03-04,CSI300,LGB,0.6820164696908916,3.0
2022-03-07,CSI300,LGB,0.6493414514424534,3.0
2022-03-08,CSI300,LGB,0.6493414514424534,3.0
2022-03-09,CSI300,LGB,0.6493414514424534,3.0
2022-03-10,CSI300,LGB,0.6383566547467825,3.0
2022-03-11,CSI300,LGB,0.6663322502999199,3.0
2022-03-14,CSI300,LGB,0.7033712498598604,3.0
2022-03-15,CSI300,LGB,0.6698911398009342,3.0
2022-03-16,CSI300,LGB,0.6726596529106637,3.0
2022-03-17,CSI300,LGB,0.7182119509892617,3.0
2022-03-18,CSI300,LGB,0.5016317083040419,3.0
2022-03-21,CSI300,LGB,0.6559572992756465,3.0
2022-03-22,CSI300,LGB,0.6960447316743326,3.0
2022-03-23,CSI300,LGB,0.692809499411016,3.0
2022-03-24,CSI300,LGB,0.7068041089521344,3.0
2022-03-25,CSI300,LGB,0.687693560465086,3.0
2022-03-28,CSI300,LGB,0.6342223664612419,3.0
2022-03-29,CSI300,LGB,0.5508503851793306,3.0
2022-03-30,CSI300,LGB,0.571381132079561,3.0
2022-03-31,CSI300,LGB,0.5249171591746561,3.0
2022-04-01,CSI300,LGB,0.5201453449664777,3.0
2022-04-06,CSI300,LGB,0.6762715204088283,3.0
2022-04-07,CSI300,LGB,0.645089691863039,3.0
2022-04-08,CSI300,LGB,0.6710371261377938,3.0
2022-04-11,CSI300,LGB,0.6098849305943708,3.0
2022-04-12,CSI300,LGB,0.5436218089645426,3.0
2022-04-13,CSI300,LGB,0.5859773498472975,3.0
2022-04-14,CSI300,LGB,0.6101263019124129,3.0
2022-04-15,CSI300,LGB,0.6356343318270982,3.0
2022-04-18,CSI300,LGB,0.650939512119804,3.0
2022-04-19,CSI300,LGB,0.6855438535220854,3.0
2022-04-20,CSI300,LGB,0.666059014674739,3.0
2022-04-21,CSI300,LGB,0.7005218839732202,3.0
2022-04-22,CSI300,LGB,0.6350171938114485,3.0
2022-04-25,CSI300,LGB,0.6615706276352081,3.0
2022-04-26,CSI300,LGB,0.6564372631211183,3.0
2022-04-27,CSI300,LGB,0.6642223654449806,3.0
2022-04-28,CSI300,LGB,0.6877342288050994,3.0
2022-04-29,CSI300,LGB,0.6282822239310758,3.0
2022-05-05,CSI300,LGB,0.6949616069294172,3.0
2022-05-06,CSI300,LGB,0.6891890308116114,3.0
2022-05-09,CSI300,LGB,0.7374158398823316,3.0
2022-05-10,CSI300,LGB,0.5873690639518377,3.0
2022-05-11,CSI300,LGB,0.5983441160954873,3.0
2022-05-12,CSI300,LGB,0.5927683992413709,3.0
2022-05-13,CSI300,LGB,0.527255705417419,3.0
2022-05-16,CSI300,LGB,0.6396481532873934,3.0
2022-05-17,CSI300,LGB,0.5020108878807246,3.0
2022-05-18,CSI300,LGB,0.6556795886763345,3.0
2022-05-19,CSI300,LGB,0.5194614585648497,3.0
2022-05-20,CSI300,LGB,0.41661821955836636,3.0
2022-05-23,CSI300,LGB,0.3773086878363032,3.0
2022-05-24,CSI300,LGB,0.5589290758699181,3.0
2022-05-25,CSI300,LGB,0.501644837368021,3.0
2022-05-26,CSI300,LGB,0.6389743359277373,3.0
2022-05-27,CSI300,LGB,0.7343336922929219,3.0
2022-05-30,CSI300,LGB,0.6691271389124674,3.0
2022-05-31,CSI300,LGB,0.5006702118201862,3.0
2022-06-01,CSI300,LGB,0.33921330694138563,3.0
2022-06-02,CSI300,LGB,0.43131464901989847,3.0
2022-06-06,CSI300,LGB,0.5982023157360769,3.0
2022-06-07,CSI300,LGB,0.5774021854827464,3.0
2022-06-08,CSI300,LGB,0.4643059612136788,3.0
2022-06-09,CSI300,LGB,0.5031627739902969,3.0
2022-06-10,CSI300,LGB,0.4643059612136788,3.0
2022-06-13,CSI300,LGB,0.4490812978161005,3.0
2022-06-14,CSI300,LGB,0.4250414970597518,3.0
2022-06-15,CSI300,LGB,0.4499502206285769,3.0
2022-06-16,CSI300,LGB,0.4405994195262382,3.0
2022-06-17,CSI300,LGB,0.3451964624858843,3.0
2022-06-20,CSI300,LGB,0.416214244751098,3.0
2022-06-21,CSI300,LGB,0.47573730543053216,3.0
2022-06-22,CSI300,LGB,0.6169090952547868,3.0
2022-06-23,CSI300,LGB,0.3932900468239555,3.0
2022-06-24,CSI300,LGB,0.4084550936668363,3.0
2022-06-27,CSI300,LGB,0.3555683863277421,3.0
2022-06-28,CSI300,LGB,0.3555683863277421,3.0
2022-06-29,CSI300,LGB,0.5729862622924304,3.0
2022-06-30,CSI300,LGB,0.5127342391066306,3.0
2022-07-01,CSI300,LGB,0.5127342391066306,3.0
2022-07-04,CSI300,LGB,0.5127342391066306,3.0
2022-07-05,CSI300,LGB,0.5127342391066306,3.0
2022-07-06,CSI300,LGB,0.522300027720919,3.0
2022-07-07,CSI300,LGB,0.522300027720919,3.0
2022-07-08,CSI300,LGB,0.5400796097375639,3.0
2022-07-11,CSI300,LGB,0.5680675784017981,3.0
2022-07-12,CSI300,LGB,0.5680675784017981,3.0
2022-07-13,CSI300,LGB,0.5680675784017981,3.0
2022-07-14,CSI300,LGB,0.5680675784017981,3.0
2022-07-15,CSI300,LGB,0.5734975389227123,3.0
2022-07-18,CSI300,LGB,0.5680675784017981,3.0
2022-07-19,CSI300,LGB,0.5455799604713744,3.0
2022-07-20,CSI300,LGB,0.5400796097375639,3.0
2022-07-21,CSI300,LGB,0.5734975389227123,3.0
2022-07-22,CSI300,LGB,0.5455799604713744,3.0
2022-07-25,CSI300,LGB,0.5734975389227123,3.0
2022-07-26,CSI300,LGB,0.5455799604713744,3.0
2022-07-27,CSI300,LGB,0.5734975389227123,3.0
2022-07-28,CSI300,LGB,0.5455799604713744,3.0
2022-07-29,CSI300,LGB,0.5734975389227123,3.0
2022-08-01,CSI300,LGB,0.5455799604713744,3.0
2022-08-02,CSI300,LGB,0.5734975389227123,3.0
2022-08-03,CSI300,LGB,0.5734975389227123,3.0
2022-08-04,CSI300,LGB,0.5734975389227123,3.0
2022-08-05,CSI300,LGB,0.5455799604713744,3.0
2022-08-08,CSI300,LGB,0.5455799604713744,3.0
2022-08-09,CSI300,LGB,0.5455799604713744,3.0
2022-08-10,CSI300,LGB,0.5684404721711591,3.0
2022-08-11,CSI300,LGB,0.5400796097375639,3.0
2022-08-12,CSI300,LGB,0.5400796097375639,3.0
2022-08-15,CSI300,LGB,0.5400796097375639,3.0
2022-08-16,CSI300,LGB,0.5400796097375639,3.0
2022-08-17,CSI300,LGB,0.5263888554595761,3.0
2022-08-18,CSI300,LGB,0.5400796097375639,3.0
2022-08-19,CSI300,LGB,0.5455799604713744,3.0
2022-08-22,CSI300,LGB,0.5400796097375639,3.0
2022-08-23,CSI300,LGB,0.5400796097375639,3.0
2022-08-24,CSI300,LGB,0.5734975389227123,3.0
2022-08-25,CSI300,LGB,0.5734975389227123,3.0
2022-08-26,CSI300,LGB,0.5684404721711591,3.0
2022-08-29,CSI300,LGB,0.5734975389227123,3.0
2022-08-30,CSI300,LGB,0.5734975389227123,3.0
2022-08-31,CSI300,LGB,0.5684404721711591,3.0
2022-09-01,CSI300,LGB,0.5734975389227123,3.0
2022-09-02,CSI300,LGB,0.5734975389227123,3.0
2022-09-05,CSI300,LGB,0.5734975389227123,3.0
2022-09-06,CSI300,LGB,0.5684404721711591,3.0
2022-09-07,CSI300,LGB,0.5684404721711591,3.0
2022-09-08,CSI300,LGB,0.5684404721711591,3.0
2022-09-09,CSI300,LGB,0.5629951883691061,3.0
2022-09-13,CSI300,LGB,0.5629951883691061,3.0
2022-09-14,CSI300,LGB,0.5684404721711591,3.0
2022-09-15,CSI300,LGB,0.5684404721711591,3.0
2022-09-16,CSI300,LGB,0.5734975389227123,3.0
2022-09-19,CSI300,LGB,0.5734975389227123,3.0
2022-09-20,CSI300,LGB,0.5734975389227123,3.0
2022-09-21,CSI300,LGB,0.5734975389227123,3.0
2022-09-22,CSI300,LGB,0.5734975389227123,3.0
2022-09-23,CSI300,LGB,0.5734975389227123,3.0
2022-09-26,CSI300,LGB,0.5734975389227123,3.0
2022-09-27,CSI300,LGB,0.5684404721711591,3.0
2022-09-28,CSI300,LGB,0.5734975389227123,3.0
2022-09-29,CSI300,LGB,0.5684404721711591,3.0
2022-09-30,CSI300,LGB,0.5734975389227123,3.0
2022-10-10,CSI300,LGB,0.5734975389227123,3.0
2022-10-11,CSI300,LGB,0.5734975389227123,3.0
2022-10-12,CSI300,LGB,0.5734975389227123,3.0
2022-10-13,CSI300,LGB,0.5734975389227123,3.0
2022-10-14,CSI300,LGB,0.5684404721711591,3.0
2022-10-17,CSI300,LGB,0.5684404721711591,3.0
2022-10-18,CSI300,LGB,0.5684404721711591,3.0
2022-10-19,CSI300,LGB,0.5684404721711591,3.0
2022-10-20,CSI300,LGB,0.5684404721711591,3.0
2022-10-21,CSI300,LGB,0.5734975389227123,3.0
2022-10-24,CSI300,LGB,0.5734975389227123,3.0
2022-10-25,CSI300,LGB,0.5734975389227123,3.0
2022-10-26,CSI300,LGB,0.5734975389227123,3.0
2022-10-27,CSI300,LGB,0.5734975389227123,3.0
2022-10-28,CSI300,LGB,0.5734975389227123,3.0
2022-10-31,CSI300,LGB,0.5734975389227123,3.0
2022-11-01,CSI300,LGB,0.5684404721711591,3.0
2022-11-02,CSI300,LGB,0.5684404721711591,3.0
2022-11-03,CSI300,LGB,0.5684404721711591,3.0
2022-11-04,CSI300,LGB,0.5629951883691061,3.0
2022-11-07,CSI300,LGB,0.5127342391066306,3.0
2022-11-08,CSI300,LGB,0.545355742296233,3.0
2022-11-09,CSI300,LGB,0.5629951883691061,3.0
2022-11-10,CSI300,LGB,0.5684404721711591,3.0
2022-11-11,CSI300,LGB,0.5263888554595761,3.0
2022-11-14,CSI300,LGB,0.5263888554595761,3.0
2022-11-15,CSI300,LGB,0.5263888554595761,3.0
2022-11-16,CSI300,LGB,0.5127342391066306,3.0
2022-11-17,CSI300,LGB,0.5127342391066306,3.0
2022-11-18,CSI300,LGB,0.5629951883691061,3.0
2022-11-21,CSI300,LGB,0.5629951883691061,3.0
2022-11-22,CSI300,LGB,0.5680675784017981,3.0
2022-11-23,CSI300,LGB,0.5680675784017981,3.0
2022-11-24,CSI300,LGB,0.5680675784017981,3.0
2022-11-25,CSI300,LGB,0.5629951883691061,3.0
2022-11-28,CSI300,LGB,0.5629951883691061,3.0
2022-11-29,CSI300,LGB,0.5629951883691061,3.0
2022-11-30,CSI300,LGB,0.5629951883691061,3.0
2022-12-01,CSI300,LGB,0.5629951883691061,3.0
2022-12-02,CSI300,LGB,0.5629951883691061,3.0
2022-12-05,CSI300,LGB,0.5263888554595761,3.0
2022-12-06,CSI300,LGB,0.5127342391066306,3.0
2022-12-07,CSI300,LGB,0.5127342391066306,3.0
2022-12-08,CSI300,LGB,0.5127342391066306,3.0
2022-12-09,CSI300,LGB,0.5127342391066306,3.0
2022-12-12,CSI300,LGB,0.5127342391066306,3.0
2022-12-13,CSI300,LGB,0.545355742296233,3.0
2022-12-14,CSI300,LGB,0.545355742296233,3.0
2022-12-15,CSI300,LGB,0.5629951883691061,3.0
2022-12-16,CSI300,LGB,0.545355742296233,3.0
2022-12-19,CSI300,LGB,0.5680675784017981,3.0
2022-12-20,CSI300,LGB,0.5734975389227123,3.0
2022-12-21,CSI300,LGB,0.5734975389227123,3.0
2022-12-22,CSI300,LGB,0.5680675784017981,3.0
2022-12-23,CSI300,LGB,0.5734975389227123,3.0
2022-12-26,CSI300,LGB,0.5680675784017981,3.0
2022-12-27,CSI300,LGB,0.5629951883691061,3.0
2022-12-28,CSI300,LGB,0.5629951883691061,3.0
2022-12-29,CSI300,LGB,0.5804809127222611,3.0
2022-12-30,CSI300,LGB,0.5704507486442558,3.0
2023-01-03,CSI300,LGB,0.4942425357066121,3.0
2023-01-04,CSI300,LGB,0.5875039763083238,3.0
2023-01-05,CSI300,LGB,0.5062559376726782,3.0
2023-01-06,CSI300,LGB,0.5296364474825297,3.0
2023-01-09,CSI300,LGB,0.5296364474825297,3.0
2023-01-10,CSI300,LGB,0.4872773920707757,3.0
2023-01-11,CSI300,LGB,0.4872773920707757,3.0
2023-01-12,CSI300,LGB,0.4872773920707757,3.0
2023-01-13,CSI300,LGB,0.5165739751305193,3.0
2023-01-16,CSI300,LGB,0.509077538417297,3.0
2023-01-17,CSI300,LGB,0.5194614915151324,3.0
2023-01-18,CSI300,LGB,0.5194614915151324,3.0
2023-01-19,CSI300,LGB,0.5165739751305193,3.0
2023-01-20,CSI300,LGB,0.5615540889079726,3.0
2023-01-30,CSI300,LGB,0.588870928906175,3.0
2023-01-31,CSI300,LGB,0.5760298721168826,3.0
2023-02-01,CSI300,LGB,0.509077538417297,3.0
2023-02-02,CSI300,LGB,0.5760298721168826,3.0
2023-02-03,CSI300,LGB,0.5693307848886106,3.0
2023-02-06,CSI300,LGB,0.6049682898862496,3.0
2023-02-07,CSI300,LGB,0.5993932690257106,3.0
2023-02-08,CSI300,LGB,0.593461559802246,3.0
2023-02-09,CSI300,LGB,0.5624170223273617,3.0
2023-02-10,CSI300,LGB,0.593461559802246,3.0
2023-02-13,CSI300,LGB,0.5141492596317,3.0
2023-02-14,CSI300,LGB,0.5993932690257106,3.0
2023-02-15,CSI300,LGB,0.562706765185808,3.0
2023-02-16,CSI300,LGB,0.5602393764840911,3.0
2023-02-17,CSI300,LGB,0.5941485654549125,3.0
2023-02-20,CSI300,LGB,0.5132467510272579,3.0
2023-02-21,CSI300,LGB,0.5251829260516976,3.0
2023-02-22,CSI300,LGB,0.5405687353119574,3.0
2023-02-23,CSI300,LGB,0.5674019312531192,3.0
2023-02-24,CSI300,LGB,0.5699825286927298,3.0
2023-02-27,CSI300,LGB,0.5982448102695247,3.0
2023-02-28,CSI300,LGB,0.6105330210648343,3.0
2023-03-01,CSI300,LGB,0.4572522649177505,3.0
2023-03-02,CSI300,LGB,0.5447654198853136,3.0
2023-03-03,CSI300,LGB,0.5569231904110233,3.0
2023-03-06,CSI300,LGB,0.5516568131827166,3.0
2023-03-07,CSI300,LGB,0.5654209310498568,3.0
2023-03-08,CSI300,LGB,0.5876634509662468,3.0
2023-03-09,CSI300,LGB,0.564330249317868,3.0
2023-03-10,CSI300,LGB,0.5829273492012658,3.0
2023-03-13,CSI300,LGB,0.5116456687906827,3.0
2023-03-14,CSI300,LGB,0.5744679769167876,3.0
2023-03-15,CSI300,LGB,0.5805790899219279,3.0
2023-03-16,CSI300,LGB,0.5890038918857693,3.0
2023-03-17,CSI300,LGB,0.6000341280891989,3.0
2023-03-20,CSI300,LGB,0.5765262995191773,3.0
2023-03-21,CSI300,LGB,0.4773356995417984,3.0
2023-03-22,CSI300,LGB,0.5607910519086942,3.0
2023-03-23,CSI300,LGB,0.48485373748194677,3.0
2023-03-24,CSI300,LGB,0.5289033428918539,3.0
2023-03-27,CSI300,LGB,0.5289033428918539,3.0
2023-03-28,CSI300,LGB,0.5177250952139468,3.0
2023-03-29,CSI300,LGB,0.5289033428918539,3.0
2023-03-30,CSI300,LGB,0.44775210654343667,3.0
2023-03-31,CSI300,LGB,0.46658102841641397,3.0
2023-04-03,CSI300,LGB,0.46778727622764277,3.0
2023-04-04,CSI300,LGB,0.5089267642674806,3.0
2023-04-06,CSI300,LGB,0.46658102841641397,3.0
2023-04-07,CSI300,LGB,0.49416015851577194,3.0
2023-04-10,CSI300,LGB,0.5472866313536938,3.0
2023-04-11,CSI300,LGB,0.46658102841641397,3.0
2023-04-12,CSI300,LGB,0.5485139776432866,3.0
2023-04-13,CSI300,LGB,0.4762635567225022,3.0
2023-04-14,CSI300,LGB,0.5291527964387405,3.0
2023-04-17,CSI300,LGB,0.509077538417297,3.0
2023-04-18,CSI300,LGB,0.5097182035834278,3.0
2023-04-19,CSI300,LGB,0.5568954490740987,3.0
2023-04-20,CSI300,LGB,0.5291527964387405,3.0
2023-04-21,CSI300,LGB,0.5847855573027952,3.0
2023-04-24,CSI300,LGB,0.5662317675004116,3.0
2023-04-25,CSI300,LGB,0.5805790899219279,3.0
2023-04-26,CSI300,LGB,0.607090194416994,3.0
2023-04-27,CSI300,LGB,0.5133380125070758,3.0
2023-04-28,CSI300,LGB,0.4806495634435024,3.0
2023-05-04,CSI300,LGB,0.5287802226678245,3.0
2023-05-05,CSI300,LGB,0.5198645324618912,3.0
2023-05-08,CSI300,LGB,0.48485373748194677,3.0
2023-05-09,CSI300,LGB,0.5324742909381692,3.0
2023-05-10,CSI300,LGB,0.5847486649649443,3.0
2023-05-11,CSI300,LGB,0.565645779544414,3.0
2023-05-12,CSI300,LGB,0.5734790102876609,3.0
2023-05-15,CSI300,LGB,0.5174519673239191,3.0
2023-05-16,CSI300,LGB,0.554351054349811,3.0
2023-05-17,CSI300,LGB,0.591073427389145,3.0
2023-05-18,CSI300,LGB,0.5963390683784068,3.0
2023-05-19,CSI300,LGB,0.591073427389145,3.0
2023-05-22,CSI300,LGB,0.5061221420059414,3.0
2023-05-23,CSI300,LGB,0.5854576080392927,3.0
2023-05-24,CSI300,LGB,0.5662317675004116,3.0
2023-05-25,CSI300,LGB,0.6011421733607407,3.0
2023-05-26,CSI300,LGB,0.5940375183960118,3.0
2023-05-29,CSI300,LGB,0.5727594617310494,3.0
2023-05-30,CSI300,LGB,0.5860738199530146,3.0
2023-05-31,CSI300,LGB,0.5768218409282531,3.0
2023-06-01,CSI300,LGB,0.5764600440570242,3.0
2023-06-02,CSI300,LGB,0.49806368233531695,3.0
2023-06-05,CSI300,LGB,0.5823941279566778,3.0
2023-06-06,CSI300,LGB,0.5823941279566778,3.0
2023-06-07,CSI300,LGB,0.589567070568441,3.0
2023-06-08,CSI300,LGB,0.5108357417014796,3.0
2023-06-09,CSI300,LGB,0.5630956734430193,3.0
2023-06-12,CSI300,LGB,0.548977349328997,3.0
2023-06-13,CSI300,LGB,0.48215349457367923,3.0
2023-06-14,CSI300,LGB,0.4872773920707757,3.0
2023-06-15,CSI300,LGB,0.4615198149892454,3.0
2023-06-16,CSI300,LGB,0.479767633703005,3.0
2023-06-19,CSI300,LGB,0.5236662346005102,3.0
2023-06-20,CSI300,LGB,0.4872773920707757,3.0
2023-06-21,CSI300,LGB,0.5152269783000607,3.0
2023-06-26,CSI300,LGB,0.5431039481814169,3.0
2023-06-27,CSI300,LGB,0.5024553156192856,3.0
2023-06-28,CSI300,LGB,0.5551135465668181,3.0
2023-06-29,CSI300,LGB,0.5004683493510554,3.0
2023-06-30,CSI300,LGB,0.4813397170072513,3.0
2023-07-03,CSI300,LGB,0.4813397170072513,3.0
2023-07-04,CSI300,LGB,0.5004683493510554,3.0
2023-07-05,CSI300,LGB,0.5004683493510554,3.0
2023-07-06,CSI300,LGB,0.5004683493510554,3.0
2023-07-07,CSI300,LGB,0.5004683493510554,3.0
2023-07-10,CSI300,LGB,0.5004683493510554,3.0
2023-07-11,CSI300,LGB,0.5004683493510554,3.0
2023-07-12,CSI300,LGB,0.5004683493510554,3.0
2023-07-13,CSI300,LGB,0.4813397170072513,3.0
2023-07-14,CSI300,LGB,0.5004683493510554,3.0
2023-07-17,CSI300,LGB,0.5004683493510554,3.0
2023-07-18,CSI300,LGB,0.5004683493510554,3.0
2023-07-19,CSI300,LGB,0.5004683493510554,3.0
2023-07-20,CSI300,LGB,0.5004683493510554,3.0
2023-07-21,CSI300,LGB,0.5004683493510554,3.0
2023-07-24,CSI300,LGB,0.5004683493510554,3.0
2023-07-25,CSI300,LGB,0.49249225109027867,3.0
2023-07-26,CSI300,LGB,0.5004683493510554,3.0
2023-07-27,CSI300,LGB,0.5004683493510554,3.0
2023-07-28,CSI300,LGB,0.49249225109027867,3.0
2023-07-31,CSI300,LGB,0.5004683493510554,3.0
2023-08-01,CSI300,LGB,0.5004683493510554,3.0
2023-08-02,CSI300,LGB,0.5004683493510554,3.0
2023-08-03,CSI300,LGB,0.4813397170072513,3.0
2023-08-04,CSI300,LGB,0.5004683493510554,3.0
2023-08-07,CSI300,LGB,0.5004683493510554,3.0
2023-08-08,CSI300,LGB,0.5004683493510554,3.0
2023-08-09,CSI300,LGB,0.5004683493510554,3.0
2023-08-10,CSI300,LGB,0.5004683493510554,3.0
2023-08-11,CSI300,LGB,0.5004683493510554,3.0
2023-08-14,CSI300,LGB,0.5004683493510554,3.0
2023-08-15,CSI300,LGB,0.5016462924953065,3.0
2023-08-16,CSI300,LGB,0.5016462924953065,3.0
2023-08-17,CSI300,LGB,0.4813397170072513,3.0
2023-08-18,CSI300,LGB,0.5016462924953065,3.0
2023-08-21,CSI300,LGB,0.5016462924953065,3.0
2023-08-22,CSI300,LGB,0.5016462924953065,3.0
2023-08-23,CSI300,LGB,0.5016462924953065,3.0
2023-08-24,CSI300,LGB,0.5016462924953065,3.0
2023-08-25,CSI300,LGB,0.5016462924953065,3.0
2023-08-28,CSI300,LGB,0.5016462924953065,3.0
2023-08-29,CSI300,LGB,0.49249225109027867,3.0
2023-08-30,CSI300,LGB,0.4851788150852208,3.0
2023-08-31,CSI300,LGB,0.4851788150852208,3.0
2023-09-01,CSI300,LGB,0.4851788150852208,3.0
2023-09-04,CSI300,LGB,0.4813397170072513,3.0
2023-09-05,CSI300,LGB,0.5004683493510554,3.0
2023-09-06,CSI300,LGB,0.5004683493510554,3.0
2023-09-07,CSI300,LGB,0.5004683493510554,3.0
2023-09-08,CSI300,LGB,0.5004683493510554,3.0
2023-09-11,CSI300,LGB,0.4813397170072513,3.0
2023-09-12,CSI300,LGB,0.5004683493510554,3.0
2023-09-13,CSI300,LGB,0.5004683493510554,3.0
2023-09-14,CSI300,LGB,0.5004683493510554,3.0
2023-09-15,CSI300,LGB,0.49266206276714025,3.0
2023-09-18,CSI300,LGB,0.4813397170072513,3.0
2023-09-19,CSI300,LGB,0.49266206276714025,3.0
2023-09-20,CSI300,LGB,0.49266206276714025,3.0
2023-09-21,CSI300,LGB,0.49266206276714025,3.0
2023-09-22,CSI300,LGB,0.4813397170072513,3.0
2023-09-25,CSI300,LGB,0.4851788150852208,3.0
2023-09-26,CSI300,LGB,0.49266206276714025,3.0
2023-09-27,CSI300,LGB,0.4851788150852208,3.0
2023-09-28,CSI300,LGB,0.4851788150852208,3.0
2023-10-09,CSI300,LGB,0.49266206276714025,3.0
2023-10-10,CSI300,LGB,0.49266206276714025,3.0
2023-10-11,CSI300,LGB,0.49266206276714025,3.0
2023-10-12,CSI300,LGB,0.4851788150852208,3.0
2023-10-13,CSI300,LGB,0.49266206276714025,3.0
2023-10-16,CSI300,LGB,0.49266206276714025,3.0
2023-10-17,CSI300,LGB,0.4851788150852208,3.0
2023-10-18,CSI300,LGB,0.49266206276714025,3.0
2023-10-19,CSI300,LGB,0.49266206276714025,3.0
2023-10-20,CSI300,LGB,0.49266206276714025,3.0
2023-10-23,CSI300,LGB,0.5016462924953065,3.0
2023-10-24,CSI300,LGB,0.5016462924953065,3.0
2023-10-25,CSI300,LGB,0.5016462924953065,3.0
2023-10-26,CSI300,LGB,0.4813397170072513,3.0
2023-10-27,CSI300,LGB,0.4813397170072513,3.0
2023-10-30,CSI300,LGB,0.4813397170072513,3.0
2023-10-31,CSI300,LGB,0.4851788150852208,3.0
2023-11-01,CSI300,LGB,0.4851788150852208,3.0
2023-11-02,CSI300,LGB,0.4851788150852208,3.0
2023-11-03,CSI300,LGB,0.4813397170072513,3.0
2023-11-06,CSI300,LGB,0.49249225109027867,3.0
2023-11-07,CSI300,LGB,0.5004683493510554,3.0
2023-11-08,CSI300,LGB,0.5004683493510554,3.0
2023-11-09,CSI300,LGB,0.5004683493510554,3.0
2023-11-10,CSI300,LGB,0.5004683493510554,3.0
2023-11-13,CSI300,LGB,0.5004683493510554,3.0
2023-11-14,CSI300,LGB,0.5004683493510554,3.0
2023-11-15,CSI300,LGB,0.5004683493510554,3.0
2023-11-16,CSI300,LGB,0.5004683493510554,3.0
2023-11-17,CSI300,LGB,0.5004683493510554,3.0
2023-11-20,CSI300,LGB,0.5004683493510554,3.0
2023-11-21,CSI300,LGB,0.5004683493510554,3.0
2023-11-22,CSI300,LGB,0.5004683493510554,3.0
2023-11-23,CSI300,LGB,0.4813397170072513,3.0
2023-11-24,CSI300,LGB,0.5004683493510554,3.0
2023-11-27,CSI300,LGB,0.5004683493510554,3.0
2023-11-28,CSI300,LGB,0.5004683493510554,3.0
2023-11-29,CSI300,LGB,0.5004683493510554,3.0
2023-11-30,CSI300,LGB,0.5004683493510554,3.0
2023-12-01,CSI300,LGB,0.5004683493510554,3.0
2023-12-04,CSI300,LGB,0.49266206276714025,3.0
2023-12-05,CSI300,LGB,0.49266206276714025,3.0
2023-12-06,CSI300,LGB,0.49266206276714025,3.0
2023-12-07,CSI300,LGB,0.49266206276714025,3.0
2023-12-08,CSI300,LGB,0.49266206276714025,3.0
2023-12-11,CSI300,LGB,0.4813397170072513,3.0
2023-12-12,CSI300,LGB,0.4851788150852208,3.0
2023-12-13,CSI300,LGB,0.49266206276714025,3.0
2023-12-14,CSI300,LGB,0.49266206276714025,3.0
2023-12-15,CSI300,LGB,0.49266206276714025,3.0
2023-12-18,CSI300,LGB,0.49266206276714025,3.0
2023-12-19,CSI300,LGB,0.49266206276714025,3.0
2023-12-20,CSI300,LGB,0.49266206276714025,3.0
2023-12-21,CSI300,LGB,0.4813397170072513,3.0
2023-12-22,CSI300,LGB,0.4851788150852208,3.0
2023-12-25,CSI300,LGB,0.4813397170072513,3.0
2023-12-26,CSI300,LGB,0.4851788150852208,3.0
2023-12-27,CSI300,LGB,0.4851788150852208,3.0
2023-12-28,CSI300,LGB,0.43419293512714335,3.0
2023-12-29,CSI300,LGB,0.43419293512714335,3.0
2024-01-02,CSI300,LGB,0.43366643575555874,3.0
2024-01-03,CSI300,LGB,0.4768626457295568,3.0
2024-01-04,CSI300,LGB,0.44174849443830766,3.0
2024-01-05,CSI300,LGB,0.45858065572377815,3.0
2024-01-08,CSI300,LGB,0.4539754299374037,3.0
2024-01-09,CSI300,LGB,0.47904685947583436,3.0
2024-01-10,CSI300,LGB,0.4621240664848607,3.0
2024-01-11,CSI300,LGB,0.46112743871422995,3.0
2024-01-12,CSI300,LGB,0.5084970207128657,3.0
2024-01-15,CSI300,LGB,0.5145981726816162,3.0
2024-01-16,CSI300,LGB,0.49691433269668306,3.0
2024-01-17,CSI300,LGB,0.4539754299374037,3.0
2024-01-18,CSI300,LGB,0.44482259418212694,3.0
2024-01-19,CSI300,LGB,0.47578455021216787,3.0
2024-01-22,CSI300,LGB,0.4539754299374037,3.0
2024-01-23,CSI300,LGB,0.46112743871422995,3.0
2024-01-24,CSI300,LGB,0.4476668036125202,3.0
2024-01-25,CSI300,LGB,0.4476668036125202,3.0
2024-01-26,CSI300,LGB,0.4975949545968371,3.0
2024-01-29,CSI300,LGB,0.47461130809452057,3.0
2024-01-30,CSI300,LGB,0.48181654271204033,3.0
2024-01-31,CSI300,LGB,0.4905040682265979,3.0
2024-02-01,CSI300,LGB,0.4910671919416476,3.0
2024-02-02,CSI300,LGB,0.4757077968504353,3.0
2024-02-05,CSI300,LGB,0.45835910367000715,3.0
2024-02-06,CSI300,LGB,0.465910600765685,3.0
2024-02-07,CSI300,LGB,0.465910600765685,3.0
2024-02-08,CSI300,LGB,0.4950164821728585,3.0
2024-02-19,CSI300,LGB,0.5048138534295249,3.0
2024-02-20,CSI300,LGB,0.4950164821728585,3.0
2024-02-21,CSI300,LGB,0.465910600765685,3.0
2024-02-22,CSI300,LGB,0.465910600765685,3.0
2024-02-23,CSI300,LGB,0.49938858670559716,3.0
2024-02-26,CSI300,LGB,0.48181654271204033,3.0
2024-02-27,CSI300,LGB,0.46868507900528555,3.0
2024-02-28,CSI300,LGB,0.44174849443830766,3.0
2024-02-29,CSI300,LGB,0.4422771431789514,3.0
2024-03-01,CSI300,LGB,0.4422771431789514,3.0
2024-03-04,CSI300,LGB,0.4667218530562541,3.0
2024-03-05,CSI300,LGB,0.4422771431789514,3.0
2024-03-06,CSI300,LGB,0.45915407322661606,3.0
2024-03-07,CSI300,LGB,0.44174849443830766,3.0
2024-03-08,CSI300,LGB,0.480416358921813,3.0
2024-03-11,CSI300,LGB,0.4422771431789514,3.0
2024-03-12,CSI300,LGB,0.480416358921813,3.0
2024-03-13,CSI300,LGB,0.44174849443830766,3.0
2024-03-14,CSI300,LGB,0.48329472527858847,3.0
2024-03-15,CSI300,LGB,0.5145981726816162,3.0
2024-03-18,CSI300,LGB,0.49691433269668306,3.0
2024-03-19,CSI300,LGB,0.48329472527858847,3.0
2024-03-20,CSI300,LGB,0.5145981726816162,3.0
2024-03-21,CSI300,LGB,0.48329472527858847,3.0
2024-03-22,CSI300,LGB,0.44174849443830766,3.0
2024-03-25,CSI300,LGB,0.5002912468348534,3.0
2024-03-26,CSI300,LGB,0.5145981726816162,3.0
2024-03-27,CSI300,LGB,0.5051954458393213,3.0
2024-03-28,CSI300,LGB,0.5018186714711241,3.0
2024-03-29,CSI300,LGB,0.4733684944144255,3.0
2024-04-01,CSI300,LGB,0.4422771431789514,3.0
2024-04-02,CSI300,LGB,0.4346398636222472,3.0
2024-04-03,CSI300,LGB,0.4346398636222472,3.0
2024-04-08,CSI300,LGB,0.4346398636222472,3.0
2024-04-09,CSI300,LGB,0.45954216371512485,3.0
2024-04-10,CSI300,LGB,0.45142019034515135,3.0
2024-04-11,CSI300,LGB,0.4422771431789514,3.0
2024-04-12,CSI300,LGB,0.48252442727170425,3.0
2024-04-15,CSI300,LGB,0.4422771431789514,3.0
2024-04-16,CSI300,LGB,0.44466482650200684,3.0
2024-04-17,CSI300,LGB,0.46868507900528555,3.0
2024-04-18,CSI300,LGB,0.46868507900528555,3.0
2024-04-19,CSI300,LGB,0.4692751312736406,3.0
2024-04-22,CSI300,LGB,0.4692751312736406,3.0
2024-04-23,CSI300,LGB,0.4518063891177278,3.0
2024-04-24,CSI300,LGB,0.47727198397173903,3.0
2024-04-25,CSI300,LGB,0.46868507900528555,3.0
2024-04-26,CSI300,LGB,0.46868507900528555,3.0
2024-04-29,CSI300,LGB,0.4422771431789514,3.0
2024-04-30,CSI300,LGB,0.44174849443830766,3.0
2024-05-06,CSI300,LGB,0.4667218530562541,3.0
2024-05-07,CSI300,LGB,0.4667218530562541,3.0
2024-05-08,CSI300,LGB,0.44174849443830766,3.0
2024-05-09,CSI300,LGB,0.4422771431789514,3.0
2024-05-10,CSI300,LGB,0.45915407322661606,3.0
2024-05-13,CSI300,LGB,0.480416358921813,3.0
2024-05-14,CSI300,LGB,0.44174849443830766,3.0
2024-05-15,CSI300,LGB,0.44174849443830766,3.0
2024-05-16,CSI300,LGB,0.4667218530562541,3.0
2024-05-17,CSI300,LGB,0.4422771431789514,3.0
2024-05-20,CSI300,LGB,0.5145981726816162,3.0
2024-05-21,CSI300,LGB,0.5008685706497499,3.0
2024-05-22,CSI300,LGB,0.5145981726816162,3.0
2024-05-23,CSI300,LGB,0.48329472527858847,3.0
2024-05-24,CSI300,LGB,0.4909187713331986,3.0
2024-05-27,CSI300,LGB,0.4422771431789514,3.0
2024-05-28,CSI300,LGB,0.44215316656277237,3.0
2024-05-29,CSI300,LGB,0.4671302593578309,3.0
2024-05-30,CSI300,LGB,0.44215316656277237,3.0
2024-05-31,CSI300,LGB,0.48329472527858847,3.0
2024-06-03,CSI300,LGB,0.5178637065915862,3.0
2024-06-04,CSI300,LGB,0.4422771431789514,3.0
2024-06-05,CSI300,LGB,0.4346398636222472,3.0
2024-06-06,CSI300,LGB,0.48329472527858847,3.0
2024-06-07,CSI300,LGB,0.48329472527858847,3.0
2024-06-11,CSI300,LGB,0.5002912468348534,3.0
2024-06-12,CSI300,LGB,0.5178637065915862,3.0
2024-06-13,CSI300,LGB,0.5002912468348534,3.0
2024-06-14,CSI300,LGB,0.49691433269668306,3.0
2024-06-17,CSI300,LGB,0.5145981726816162,3.0
2024-06-18,CSI300,LGB,0.5145981726816162,3.0
2024-06-19,CSI300,LGB,0.48329472527858847,3.0
2024-06-20,CSI300,LGB,0.48329472527858847,3.0
2024-06-21,CSI300,LGB,0.5084970207128657,3.0
2024-06-24,CSI300,LGB,0.5178637065915862,3.0
2024-06-25,CSI300,LGB,0.5002912468348534,3.0
2024-06-26,CSI300,LGB,0.49691433269668306,3.0
2024-06-27,CSI300,LGB,0.5585014175636334,3.0
2024-06-28,CSI300,LGB,0.7298392980998845,3.0
2024-07-01,CSI300,LGB,0.7541669795704596,3.0
2024-07-02,CSI300,LGB,0.5495406247540767,3.0
2024-07-03,CSI300,LGB,0.4618452258567202,3.0
2024-07-04,CSI300,LGB,0.5018107575327351,3.0
2024-07-05,CSI300,LGB,0.5596790088862318,3.0
2024-07-08,CSI300,LGB,0.6254121833688939,3.0
2024-07-09,CSI300,LGB,0.5980726676579896,3.0
2024-07-10,CSI300,LGB,0.5940608839441837,3.0
2024-07-11,CSI300,LGB,0.5080995806677809,3.0
2024-07-12,CSI300,LGB,0.4642837227835913,3.0
2024-07-15,CSI300,LGB,0.43115559797511044,3.0
2024-07-16,CSI300,LGB,0.5082145477939228,3.0
2024-07-17,CSI300,LGB,0.49732602746332105,3.0
2024-07-18,CSI300,LGB,0.5456906521129014,3.0
2024-07-19,CSI300,LGB,0.5741521237463211,3.0
2024-07-22,CSI300,LGB,0.4589852424338546,3.0
2024-07-23,CSI300,LGB,0.45867277460691563,3.0
2024-07-24,CSI300,LGB,0.5048789876647621,3.0
2024-07-25,CSI300,LGB,0.5600904202968707,3.0
2024-07-26,CSI300,LGB,0.5765768464148311,3.0
2024-07-29,CSI300,LGB,0.4080318368110187,3.0
2024-07-30,CSI300,LGB,0.4240019221166872,3.0
2024-07-31,CSI300,LGB,0.49377957184065324,3.0
2024-08-01,CSI300,LGB,0.3651326295953608,3.0
2024-08-02,CSI300,LGB,0.6075360799221226,3.0
2024-08-05,CSI300,LGB,0.5400207210524535,3.0
2024-08-06,CSI300,LGB,0.40439579239701906,3.0
2024-08-07,CSI300,LGB,0.5829658825295941,3.0
2024-08-08,CSI300,LGB,0.4369106616502037,3.0
2024-08-09,CSI300,LGB,0.5232235176710922,3.0
2024-08-12,CSI300,LGB,0.5084055423190814,3.0
2024-08-13,CSI300,LGB,0.49366892676439483,3.0
2024-08-14,CSI300,LGB,0.442392198602388,3.0
2024-08-15,CSI300,LGB,0.5665176089190698,3.0
2024-08-16,CSI300,LGB,0.5107906520612177,3.0
2024-08-19,CSI300,LGB,0.4288649685681721,3.0
2024-08-20,CSI300,LGB,0.4652015149187693,3.0
2024-08-21,CSI300,LGB,0.4803945073307804,3.0
2024-08-22,CSI300,LGB,0.4331068657319543,3.0
2024-08-23,CSI300,LGB,0.48680467792627524,3.0
2024-08-26,CSI300,LGB,0.3852338112822283,3.0
2024-08-27,CSI300,LGB,0.3545918581676974,3.0
2024-08-28,CSI300,LGB,0.44675286442226103,3.0
2024-08-29,CSI300,LGB,0.48635040975955757,3.0
2024-08-30,CSI300,LGB,0.4653264978429679,3.0
2024-09-02,CSI300,LGB,0.3899377788020499,3.0
2024-09-03,CSI300,LGB,0.40230752939666803,3.0
2024-09-04,CSI300,LGB,0.33359236702717066,3.0
2024-09-05,CSI300,LGB,0.3594083873813483,3.0
2024-09-06,CSI300,LGB,0.29909890400150574,3.0
2024-09-09,CSI300,LGB,0.3067749437893434,3.0
2024-09-10,CSI300,LGB,0.5368279486562532,3.0
2024-09-11,CSI300,LGB,0.4857418848547799,3.0
2024-09-12,CSI300,LGB,0.5013905965561893,3.0
2024-09-13,CSI300,LGB,0.5902156460932239,3.0
2024-09-18,CSI300,LGB,0.5376779422153889,3.0
2024-09-19,CSI300,LGB,0.6392325368861488,3.0
2024-09-20,CSI300,LGB,0.6917560055483628,3.0
2024-09-23,CSI300,LGB,0.5636162257028597,3.0
2024-09-24,CSI300,LGB,0.4334971203940879,3.0
2024-09-25,CSI300,LGB,0.39130832867717513,3.0
2024-09-26,CSI300,LGB,0.49144847817316006,3.0
2024-09-27,CSI300,LGB,0.49963573300326497,3.0
2024-09-30,CSI300,LGB,0.48148038190230563,3.0
2024-10-08,CSI300,LGB,0.4897739695803082,3.0
2024-10-09,CSI300,LGB,0.4863023217306708,3.0
2024-10-10,CSI300,LGB,0.4483476884413865,3.0
2024-10-11,CSI300,LGB,0.436255180049662,3.0
2024-10-14,CSI300,LGB,0.45114193619344867,3.0
2024-10-15,CSI300,LGB,0.5392152925095437,3.0
2024-10-16,CSI300,LGB,0.43029531036130425,3.0
2024-10-17,CSI300,LGB,0.5392152925095437,3.0
2024-10-18,CSI300,LGB,0.48211044562629146,3.0
2024-10-21,CSI300,LGB,0.3837973971947054,3.0
2024-10-22,CSI300,LGB,0.39163241069550264,3.0
2024-10-23,CSI300,LGB,0.36398969075920706,3.0
2024-10-24,CSI300,LGB,0.376100254718668,3.0
2024-10-25,CSI300,LGB,0.4212732392736098,3.0
2024-10-28,CSI300,LGB,0.47763942616641075,3.0
2024-10-29,CSI300,LGB,0.45427999712615275,3.0
2024-10-30,CSI300,LGB,0.6745030274787692,3.0
2024-10-31,CSI300,LGB,0.7260028834160918,3.0
2024-11-01,CSI300,LGB,0.7618600593811615,3.0
2024-11-04,CSI300,LGB,0.6323004695341787,3.0
2024-11-05,CSI300,LGB,0.6845014321192503,3.0
2024-11-06,CSI300,LGB,0.5051282689237593,3.0
2024-11-07,CSI300,LGB,0.34218827225921394,3.0
2024-11-08,CSI300,LGB,0.3763039582796943,3.0
2024-11-11,CSI300,LGB,0.34136664611826983,3.0
2024-11-12,CSI300,LGB,0.45692033739371546,3.0
2024-11-13,CSI300,LGB,0.38737261114780963,3.0
2024-11-14,CSI300,LGB,0.3847430863974786,3.0
2024-11-15,CSI300,LGB,0.6003439267489593,3.0
2024-11-18,CSI300,LGB,0.6653001422561435,3.0
2024-11-19,CSI300,LGB,0.5320937199792154,3.0
2024-11-20,CSI300,LGB,0.6392210977239421,3.0
2024-11-21,CSI300,LGB,0.6175370996066352,3.0
2024-11-22,CSI300,LGB,0.578326004728518,3.0
2024-11-25,CSI300,LGB,0.6776632838324416,3.0
2024-11-26,CSI300,LGB,0.7848017060105233,3.0
2024-11-27,CSI300,LGB,0.5668236443073339,3.0
2024-11-28,CSI300,LGB,0.7161292917415832,3.0
2024-11-29,CSI300,LGB,0.672417530344465,3.0
2024-12-02,CSI300,LGB,0.5917032749544732,3.0
2024-12-03,CSI300,LGB,0.4205947319338306,3.0
2024-12-04,CSI300,LGB,0.424859391103072,3.0
2024-12-05,CSI300,LGB,0.41632132230225277,3.0
2024-12-06,CSI300,LGB,0.32078777705605205,3.0
2024-12-09,CSI300,LGB,0.30471860429777387,3.0
2024-12-10,CSI300,LGB,0.3525485373404272,3.0
2024-12-11,CSI300,LGB,0.346897281111211,3.0
2024-12-12,CSI300,LGB,0.4598482278647478,3.0
2024-12-13,CSI300,LGB,0.4401414682453583,3.0
2024-12-16,CSI300,LGB,0.3007463470259274,3.0
2024-12-17,CSI300,LGB,0.23772687464104553,3.0
2024-12-18,CSI300,LGB,0.30164037414902134,3.0
2024-12-19,CSI300,LGB,0.22333845182369658,3.0
2024-12-20,CSI300,LGB,0.231920648249419,3.0
2024-12-23,CSI300,LGB,0.2591142862347284,3.0
2024-12-24,CSI300,LGB,0.29471196363021807,3.0
2024-12-25,CSI300,LGB,0.3164752843579834,3.0
2024-12-26,CSI300,LGB,0.4325302487258828,3.0
2024-12-27,CSI300,LGB,0.3888501919069185,3.0
2024-12-30,CSI300,LGB,0.3965824990531864,3.0
2024-12-31,CSI300,LGB,0.4490718131822365,3.0
